-- phpMyAdmin SQL Dump
-- version 5.1.0
-- https://www.phpmyadmin.net/
--
-- Host: localhost
-- Tempo de geração: 11-Nov-2021 às 19:43
-- Versão do servidor: 5.6.41-84.1
-- versão do PHP: 7.3.32

SET SQL_MODE = "NO_AUTO_VALUE_ON_ZERO";
START TRANSACTION;
SET time_zone = "+00:00";


/*!40101 SET @OLD_CHARACTER_SET_CLIENT=@@CHARACTER_SET_CLIENT */;
/*!40101 SET @OLD_CHARACTER_SET_RESULTS=@@CHARACTER_SET_RESULTS */;
/*!40101 SET @OLD_COLLATION_CONNECTION=@@COLLATION_CONNECTION */;
/*!40101 SET NAMES utf8mb4 */;

--
-- Banco de dados: `profaa16_alba`
--

-- --------------------------------------------------------

--
-- Estrutura da tabela `ci_sessions`
--

CREATE TABLE `ci_sessions` (
  `id` varchar(128) COLLATE utf8_unicode_ci NOT NULL,
  `ip_address` varchar(45) COLLATE utf8_unicode_ci NOT NULL,
  `timestamp` int(10) UNSIGNED NOT NULL DEFAULT '0',
  `data` blob NOT NULL
) ENGINE=InnoDB DEFAULT CHARSET=utf8 COLLATE=utf8_unicode_ci;

--
-- Extraindo dados da tabela `ci_sessions`
--

INSERT INTO `ci_sessions` (`id`, `ip_address`, `timestamp`, `data`) VALUES
('1brdedo31a3o0i786a41h85ko7fl7emo', '::1', 1636136043, 0x5f5f63695f6c6173745f726567656e65726174657c693a313633363133363034333b7573756172696f7c4f3a383a22737464436c617373223a363a7b733a31303a22636f647573756172696f223b733a313a2232223b733a343a226e6f6d65223b733a31353a224d6172696120417061726563696461223b733a353a226c6f67696e223b733a353a226d61726961223b733a353a2273656e6861223b733a33323a223832376363623065656138613730366334633334613136383931663834653762223b733a343a22666f746f223b733a32333a226173736574732f696d6167656e732f757365722e706e67223b733a343a227469706f223b733a313a2232223b7d),
('1d4h4sbb5mp9g1bdqpue7a2c83t6jjod', '10.1.45.100', 1631369635, 0x5f5f63695f6c6173745f726567656e65726174657c693a313633313336393633353b),
('1gmm2nvad80cgqgd0tk0pv2elfhf5b03', '::1', 1636654886, 0x5f5f63695f6c6173745f726567656e65726174657c693a313633363635343834353b),
('1ik53p7p0b9vh03basp7totun12h7go3', '::1', 1636655895, 0x5f5f63695f6c6173745f726567656e65726174657c693a313633363635353637393b),
('264i5mg9girr8g7qf6lgcvtbh5sr7fo8', '10.1.89.69', 1631395501, 0x5f5f63695f6c6173745f726567656e65726174657c693a313633313339353530303b),
('323n42555sl97qovcba0en6mi5mus2iq', '::1', 1630541448, 0x5f5f63695f6c6173745f726567656e65726174657c693a313633303534313434383b),
('3jdiqrf7t7633p6tqms7v796kkq6cddd', '10.1.2.213', 1633133448, 0x5f5f63695f6c6173745f726567656e65726174657c693a313633333133333434383b),
('4bclbs92ca323fte606u1ad46gurkhdp', '::1', 1630369257, 0x5f5f63695f6c6173745f726567656e65726174657c693a313633303336393235363b7573756172696f7c4f3a383a22737464436c617373223a363a7b733a31303a22636f647573756172696f223b733a313a2233223b733a343a226e6f6d65223b733a31393a224c45414e44524f2048454e5249515545204445223b733a353a226c6f67696e223b733a333a226c656f223b733a353a2273656e6861223b733a33323a223832376363623065656138613730366334633334613136383931663834653762223b733a343a22666f746f223b733a32333a226173736574732f696d6167656e732f757365722e706e67223b733a343a227469706f223b733a313a2230223b7d),
('4i23qcrusbvisgu3ndbbjvmplhguo640', '10.1.36.107', 1636132966, 0x5f5f63695f6c6173745f726567656e65726174657c693a313633363133323936343b),
('57lra8pmn3bvrsjoat3in39v0psjilet', '::1', 1636640872, 0x5f5f63695f6c6173745f726567656e65726174657c693a313633363634303634343b),
('5irkdhik9ismh9ronn1j6593u9k9kuv9', '::1', 1636641728, 0x5f5f63695f6c6173745f726567656e65726174657c693a313633363634313732303b),
('61j29fn77tjeqv2mq9bl5kl16kpancrc', '::1', 1636656248, 0x5f5f63695f6c6173745f726567656e65726174657c693a313633363635363037373b),
('6vfsqobofg9b2mbce7ci1s4aorgponr0', '10.1.89.225', 1631395554, 0x5f5f63695f6c6173745f726567656e65726174657c693a313633313339353535333b),
('81ee812nsj6fc0pi8s4q4ao99h0i7s99', '::1', 1636663453, 0x5f5f63695f6c6173745f726567656e65726174657c693a313633363636333435323b),
('81i1u5qpv5omkdv469o28rkq6lfpo6u1', '::1', 1636650601, 0x5f5f63695f6c6173745f726567656e65726174657c693a313633363635303433303b),
('83phcd9iqsr8lg9mnc6img04jd6bhbgd', '::1', 1636655678, 0x5f5f63695f6c6173745f726567656e65726174657c693a313633363635353637383b),
('872jol2pfusf8mnrqhjoc0q0c43ug2m1', '::1', 1636655330, 0x5f5f63695f6c6173745f726567656e65726174657c693a313633363635353332363b),
('98fe84bnmo87ak7euuoln438p66dt3qg', '::1', 1630447720, 0x5f5f63695f6c6173745f726567656e65726174657c693a313633303434373635373b6d73677c733a32383a224461646f7320696e73657269646f7320636f6d207375636573736f21223b5f5f63695f766172737c613a313a7b733a333a226d7367223b733a333a226f6c64223b7d),
('9a27cb14b7ca6f9af43381d2b3e2e3773509ee98', '66.249.80.50', 1636364709, 0x5f5f63695f6c6173745f726567656e65726174657c693a313633363336343730393b),
('ah8r8ll6iesrggf0i118nqk658j95o06', '127.0.0.1', 1636664475, 0x5f5f63695f6c6173745f726567656e65726174657c693a313633363636343430373b),
('b45a06fc96595f38bffd6493f6c469fe217d23ef', '66.249.80.50', 1636364709, 0x5f5f63695f6c6173745f726567656e65726174657c693a313633363336343730393b),
('b73qvj5h04b2v6jgfd96k0teau4qhue9', '127.0.0.1', 1636663362, 0x5f5f63695f6c6173745f726567656e65726174657c693a313633363636333231313b),
('b7604b61a30bd6476f576f4269279980fd942b1b', '66.249.83.28', 1630869247, 0x5f5f63695f6c6173745f726567656e65726174657c693a313633303836393234373b),
('bfndutn3lveqmn6sm0cv99ak14ibausb', '10.1.22.83', 1634427831, 0x5f5f63695f6c6173745f726567656e65726174657c693a313633343432373833313b),
('bug0b66rttk9o056a4qcui559f98i081', '10.1.45.53', 1633133447, 0x5f5f63695f6c6173745f726567656e65726174657c693a313633333133333434373b),
('cc874cd62ee6de9f12f7e2025297b0c97c0287d5', '66.249.83.30', 1630869248, 0x5f5f63695f6c6173745f726567656e65726174657c693a313633303836393234373b),
('ccu3lra2n1ppahn945mkud4b79eh3lv6', '10.1.33.47', 1636135078, 0x5f5f63695f6c6173745f726567656e65726174657c693a313633363133353037383b),
('cfrcbmdrt2apfil37s6dvht55kfqsmm7', '::1', 1636670048, 0x5f5f63695f6c6173745f726567656e65726174657c693a313633363637303033323b7573756172696f7c4f3a383a22737464436c617373223a363a7b733a31303a22636f647573756172696f223b733a313a2232223b733a343a226e6f6d65223b733a31353a224d6172696120417061726563696461223b733a353a226c6f67696e223b733a353a226d61726961223b733a353a2273656e6861223b733a33323a223832376363623065656138613730366334633334613136383931663834653762223b733a343a22666f746f223b733a32333a226173736574732f696d6167656e732f757365722e706e67223b733a343a227469706f223b733a313a2232223b7d),
('cqo6438an8cdnr0hc8nhj69r48hl4ng5', '10.1.22.83', 1634427831, 0x5f5f63695f6c6173745f726567656e65726174657c693a313633343432373833313b),
('cr6fng3mcmn0bgqmh8m9nill3ncf27u4', '::1', 1636135729, 0x5f5f63695f6c6173745f726567656e65726174657c693a313633363133353732393b7573756172696f7c4f3a383a22737464436c617373223a363a7b733a31303a22636f647573756172696f223b733a313a2232223b733a343a226e6f6d65223b733a31353a224d6172696120417061726563696461223b733a353a226c6f67696e223b733a353a226d61726961223b733a353a2273656e6861223b733a33323a223832376363623065656138613730366334633334613136383931663834653762223b733a343a22666f746f223b733a32333a226173736574732f696d6167656e732f757365722e706e67223b733a343a227469706f223b733a313a2232223b7d),
('d6h72a61hskkef9sgk2j0eels3sqnt9i', '127.0.0.1', 1636663905, 0x5f5f63695f6c6173745f726567656e65726174657c693a313633363636333837353b),
('dhg5bvl570h6ot6h07q82lqmli1prcv6', '::1', 1636662217, 0x5f5f63695f6c6173745f726567656e65726174657c693a313633363636323230323b),
('dqc9si0anjv3nt9cpj58c00b20s5gi2e', '10.1.80.240', 1636371733, 0x5f5f63695f6c6173745f726567656e65726174657c693a313633363337313733333b),
('e9kcqi825d5oogb7p6jbkvu5vf15nnhj', '::1', 1636642254, 0x5f5f63695f6c6173745f726567656e65726174657c693a313633363634323135333b),
('ek061vsl2qgn6kl7vkm4buk3jkd331r0', '127.0.0.1', 1636662779, 0x5f5f63695f6c6173745f726567656e65726174657c693a313633363636323637383b),
('esh8eaif7p13njelsn28u21bjv13q3je', '10.1.15.218', 1630791966, 0x5f5f63695f6c6173745f726567656e65726174657c693a313633303739313936353b),
('fnl5fqmgvbesngtkfvn59s3pmikjucvv', '10.1.17.192', 1631395619, 0x5f5f63695f6c6173745f726567656e65726174657c693a313633313339353535303b6d73677c733a32383a224461646f7320696e73657269646f7320636f6d207375636573736f21223b5f5f63695f766172737c613a313a7b733a333a226d7367223b733a333a226f6c64223b7d7573756172696f7c4f3a383a22737464436c617373223a363a7b733a31303a22636f647573756172696f223b733a323a223132223b733a343a226e6f6d65223b733a31353a22466162726963696f20566965697261223b733a353a226c6f67696e223b733a363a22566965697261223b733a353a2273656e6861223b733a33323a226531306164633339343962613539616262653536653035376632306638383365223b733a343a22666f746f223b733a32333a226173736574732f696d6167656e732f757365722e706e67223b733a343a227469706f223b733a313a2230223b7d),
('i9ua5pmgqa9ol8c7n57q56lb1402punk', '10.1.14.10', 1636371770, 0x5f5f63695f6c6173745f726567656e65726174657c693a313633363337313733333b7573756172696f7c4f3a383a22737464436c617373223a363a7b733a31303a22636f647573756172696f223b733a313a2232223b733a343a226e6f6d65223b733a31353a224d6172696120417061726563696461223b733a353a226c6f67696e223b733a353a226d61726961223b733a353a2273656e6861223b733a33323a223832376363623065656138613730366334633334613136383931663834653762223b733a343a22666f746f223b733a32333a226173736574732f696d6167656e732f757365722e706e67223b733a343a227469706f223b733a313a2232223b7d),
('j4oins02mhdjkqfggd01ool8a458p9b3', '::1', 1636649783, 0x5f5f63695f6c6173745f726567656e65726174657c693a313633363634393639313b),
('j8egksfgcf45gfbnqf5ea7cnk9svgnbn', '::1', 1636641384, 0x5f5f63695f6c6173745f726567656e65726174657c693a313633363634313130353b),
('jn4kqpajk9gdt0cduq9j1rst5eb3pfsl', '127.0.0.1', 1636661179, 0x5f5f63695f6c6173745f726567656e65726174657c693a313633363636303933393b),
('jq6ks5dt59pp4lp5cd4g8qi0o6eom2ql', '127.0.0.1', 1636663819, 0x5f5f63695f6c6173745f726567656e65726174657c693a313633363636333537303b),
('k3kg5i09a683dh65q6e4rbp2f29lt1pl', '::1', 1630369256, 0x5f5f63695f6c6173745f726567656e65726174657c693a313633303336393235363b7573756172696f7c4f3a383a22737464436c617373223a363a7b733a31303a22636f647573756172696f223b733a313a2233223b733a343a226e6f6d65223b733a31393a224c45414e44524f2048454e5249515545204445223b733a353a226c6f67696e223b733a333a226c656f223b733a353a2273656e6861223b733a33323a223832376363623065656138613730366334633334613136383931663834653762223b733a343a22666f746f223b733a32333a226173736574732f696d6167656e732f757365722e706e67223b733a343a227469706f223b733a313a2230223b7d),
('kaehvn101c7cn5q5k1smap1uvk27al1f', '::1', 1636641717, 0x5f5f63695f6c6173745f726567656e65726174657c693a313633363634313431373b),
('keq1a6dge93uopmjs5uccbeuse5713a3', '::1', 1636135412, 0x5f5f63695f6c6173745f726567656e65726174657c693a313633363133353431323b),
('kggd89jt9p45e7prcia2fdq09kjgk5sl', '::1', 1636136044, 0x5f5f63695f6c6173745f726567656e65726174657c693a313633363133363034333b7573756172696f7c4f3a383a22737464436c617373223a363a7b733a31303a22636f647573756172696f223b733a313a2232223b733a343a226e6f6d65223b733a31353a224d6172696120417061726563696461223b733a353a226c6f67696e223b733a353a226d61726961223b733a353a2273656e6861223b733a33323a223832376363623065656138613730366334633334613136383931663834653762223b733a343a22666f746f223b733a32333a226173736574732f696d6167656e732f757365722e706e67223b733a343a227469706f223b733a313a2232223b7d),
('l9ms99ba9mesrjmuflv8jtf5cjks4m82', '127.0.0.1', 1636665140, 0x5f5f63695f6c6173745f726567656e65726174657c693a313633363636353134303b),
('lc6dgsgnmks2d6rjd8r78u0aa1hqdlro', '::1', 1630541449, 0x5f5f63695f6c6173745f726567656e65726174657c693a313633303534313434383b),
('lr82sjcabjia107a6dpjjhqq6kc2dpc7', '127.0.0.1', 1636662346, 0x5f5f63695f6c6173745f726567656e65726174657c693a313633363636323038333b),
('o3l1ni9fbg67mbkj7vucidc5596u93o2', '::1', 1636652826, 0x5f5f63695f6c6173745f726567656e65726174657c693a313633363635323737373b),
('ogli4atg82kd1dh9vqifq922bncccm1a', '10.1.6.213', 1636135150, 0x5f5f63695f6c6173745f726567656e65726174657c693a313633363133353037383b6d73677c733a32353a224c6f67696e206f752073656e686120696e76c3a16c69646f73223b5f5f63695f766172737c613a313a7b733a333a226d7367223b733a333a226f6c64223b7d7573756172696f7c4f3a383a22737464436c617373223a363a7b733a31303a22636f647573756172696f223b733a313a2232223b733a343a226e6f6d65223b733a31353a224d6172696120417061726563696461223b733a353a226c6f67696e223b733a353a226d61726961223b733a353a2273656e6861223b733a33323a223832376363623065656138613730366334633334613136383931663834653762223b733a343a22666f746f223b733a32333a226173736574732f696d6167656e732f757365722e706e67223b733a343a227469706f223b733a313a2232223b7d),
('onf1tv7rdhtusjq175d3nf1goat0nn67', '::1', 1636657409, 0x5f5f63695f6c6173745f726567656e65726174657c693a313633363635373338383b),
('p15fvt7gavofe9bshavsaiuhqj7udarm', '10.1.18.53', 1631369635, 0x5f5f63695f6c6173745f726567656e65726174657c693a313633313336393633353b),
('qn8lsq06ljpk5kipske84fshrnmg0777', '::1', 1636652690, 0x5f5f63695f6c6173745f726567656e65726174657c693a313633363635323431393b6c6f676f66665f6170697c733a313a2253223b5f5f63695f766172737c613a313a7b733a31303a226c6f676f66665f617069223b733a333a226f6c64223b7d),
('st0gr7q0ppfnp7jgsbjhekcpbfpifur1', '127.0.0.1', 1636658961, 0x5f5f63695f6c6173745f726567656e65726174657c693a313633363635383936303b),
('t7bn2prbdc1rphu7rdjs5ukmeqpdleo1', '10.1.21.20', 1630791966, 0x5f5f63695f6c6173745f726567656e65726174657c693a313633303739313936343b),
('tk2566kc6gjr6oo66t1k2mecvo0cphmc', '::1', 1636665258, 0x5f5f63695f6c6173745f726567656e65726174657c693a313633363636353235373b),
('ug6is02snk8q9prl7abeuld06m4v0057', '::1', 1636652777, 0x5f5f63695f6c6173745f726567656e65726174657c693a313633363635323737363b),
('vvirk3ikvncnt4d2lj37k80u7632833l', '::1', 1636649264, 0x5f5f63695f6c6173745f726567656e65726174657c693a313633363634393236343b);

-- --------------------------------------------------------

--
-- Estrutura da tabela `cliente`
--

CREATE TABLE `cliente` (
  `codcliente` int(11) NOT NULL,
  `cliente` varchar(50) COLLATE utf8_unicode_ci NOT NULL
) ENGINE=InnoDB DEFAULT CHARSET=utf8 COLLATE=utf8_unicode_ci;

--
-- Extraindo dados da tabela `cliente`
--

INSERT INTO `cliente` (`codcliente`, `cliente`) VALUES
(1, 'Maria'),
(2, 'José'),
(3, 'Pedro'),
(4, 'Francisco'),
(5, 'Gustavo'),
(6, 'Adriano'),
(7, 'Cecília'),
(9, 'Henrique'),
(10, 'Iracema');

-- --------------------------------------------------------

--
-- Estrutura da tabela `fabricante`
--

CREATE TABLE `fabricante` (
  `codfabricante` int(11) NOT NULL,
  `fabricante` varchar(45) COLLATE utf8_unicode_ci NOT NULL
) ENGINE=InnoDB DEFAULT CHARSET=utf8 COLLATE=utf8_unicode_ci;

--
-- Extraindo dados da tabela `fabricante`
--

INSERT INTO `fabricante` (`codfabricante`, `fabricante`) VALUES
(1, 'HP 1'),
(2, 'Logitech Novo 3'),
(3, 'Microsoft'),
(4, 'HP'),
(5, 'Samsung'),
(6, 'LG'),
(7, 'Sony'),
(8, 'Philips'),
(9, 'Dell'),
(10, 'Palm'),
(11, 'Lexmark'),
(12, 'Intel'),
(13, 'AMD'),
(14, 'Apple'),
(37, 'Novo fabricante'),
(38, 'Meu Fabricante'),
(39, 'Outro fabricante'),
(40, 'Mais um'),
(41, 'Fabri 3'),
(42, 'Fabri 4'),
(43, 'Fabricante 7'),
(44, 'Outro 3'),
(45, 'asdasd'),
(49, 'Teste de API 3');

-- --------------------------------------------------------

--
-- Estrutura da tabela `fornecedor`
--

CREATE TABLE `fornecedor` (
  `codfornecedor` int(11) NOT NULL,
  `fornecedor` varchar(50) COLLATE utf8_unicode_ci NOT NULL
) ENGINE=InnoDB DEFAULT CHARSET=utf8 COLLATE=utf8_unicode_ci;

--
-- Extraindo dados da tabela `fornecedor`
--

INSERT INTO `fornecedor` (`codfornecedor`, `fornecedor`) VALUES
(1, 'Miranda Computação'),
(2, 'Work Informática'),
(3, 'Nagem'),
(4, 'Infosoft'),
(5, 'Brasoft');

-- --------------------------------------------------------

--
-- Estrutura da tabela `fornecedorproduto`
--

CREATE TABLE `fornecedorproduto` (
  `codfornecedor` int(11) NOT NULL,
  `codproduto` int(11) NOT NULL
) ENGINE=InnoDB DEFAULT CHARSET=utf8 COLLATE=utf8_unicode_ci;

-- --------------------------------------------------------

--
-- Estrutura da tabela `grupo`
--

CREATE TABLE `grupo` (
  `codgrupo` int(11) NOT NULL,
  `grupo` varchar(50) COLLATE utf8_unicode_ci NOT NULL
) ENGINE=InnoDB DEFAULT CHARSET=utf8 COLLATE=utf8_unicode_ci;

--
-- Extraindo dados da tabela `grupo`
--

INSERT INTO `grupo` (`codgrupo`, `grupo`) VALUES
(1, 'Mouse'),
(2, 'Impressora'),
(3, 'Monitor'),
(4, 'Notebook'),
(5, 'Software'),
(6, 'Palmtop'),
(7, 'Mídias'),
(8, 'Memória'),
(9, 'HD'),
(10, 'Processador');

-- --------------------------------------------------------

--
-- Estrutura da tabela `produto`
--

CREATE TABLE `produto` (
  `codproduto` int(11) NOT NULL,
  `produto` varchar(50) COLLATE utf8_unicode_ci NOT NULL,
  `preco` float NOT NULL,
  `qtd` int(11) NOT NULL,
  `codfabricante` int(11) NOT NULL,
  `codgrupo` int(11) NOT NULL
) ENGINE=InnoDB DEFAULT CHARSET=utf8 COLLATE=utf8_unicode_ci;

--
-- Extraindo dados da tabela `produto`
--

INSERT INTO `produto` (`codproduto`, `produto`, `preco`, `qtd`, `codfabricante`, `codgrupo`) VALUES
(1, 'Mouse Logitech MX 500', 150, 4, 1, 1),
(2, 'Mouse Logitech MX 1000', 350, 14, 1, 1),
(3, 'Mouse Logitech First Mouse', 100, 7, 1, 1),
(4, 'Mouse Microsoft Basic Optical', 160, 5, 2, 1),
(5, 'Mouse Microsoft IntelliMouse Optical', 220, 2, 2, 1),
(6, 'Impressora Laser HP Laserjet 1010', 600, 2, 3, 2),
(7, 'Impressora Laser HP Laserjet 1020', 1000, 3, 3, 2),
(8, 'Impressora Multifuncional Deskjet HP 3180', 440, 9, 3, 2),
(9, 'Impressora Multifuncional Laserjet M1005', 800, 1, 3, 2),
(10, 'Monitor Samsung LCD 19\" 940B', 1000, 0, 4, 4),
(11, 'Monitor Dell LCD 17\"', 800, 0, 8, 4),
(12, 'Monitor Dell LCD 19\"', 1000, 1, 8, 4),
(13, 'Monitor LG LCD 15\" 1530', 600, 7, 5, 4),
(14, 'Monitor LG LCD 17\" 1730', 800, 1, 5, 4),
(15, 'MS Windows Vista Home Edition', 500, 9, 2, 5),
(16, 'MS Windows Vista Business Edition', 750, 9, 2, 5),
(17, 'MS Windows Vista Ultimate Edition', 990, 9, 2, 5),
(18, 'MS Windows XP Professional Edition', 750, 9, 2, 5),
(19, 'MS Office 2007 Home Edition', 440, 9, 2, 5),
(20, 'MS Office 2007 Professional Edition', 1500, 9, 2, 5),
(21, 'Palmtop Tungsten E', 800, 4, 9, 6),
(22, 'Palmtop Tungsten E2', 1000, 4, 9, 6),
(23, 'Palmtop Zire 22', 330, 4, 9, 6),
(24, 'Mídia CD-R Philips 700MB', 1.65, 49, 7, 7),
(25, 'Mídia DVD-R Philips 4.7GB', 3.85, 79, 7, 7),
(26, 'Mídia CD-R Sony 700MB', 2.75, 19, 6, 7),
(27, 'Mídia DVD-R Sony 4.7GB', 4.95, 99, 6, 7),
(28, 'Processador Pentium 4 631 3.0 GHz', 330, 1, 11, 10),
(29, 'Processador Pentium D 915 2.8 GHz', 500, 7, 11, 10),
(30, 'Processador Core Duo T6300 1.8 GHz', 850, 9, 11, 10);

-- --------------------------------------------------------

--
-- Estrutura da tabela `usuario`
--

CREATE TABLE `usuario` (
  `codusuario` int(11) NOT NULL,
  `nome` varchar(50) COLLATE utf8_unicode_ci NOT NULL,
  `login` varchar(50) COLLATE utf8_unicode_ci NOT NULL,
  `senha` varchar(50) COLLATE utf8_unicode_ci NOT NULL,
  `foto` varchar(200) COLLATE utf8_unicode_ci NOT NULL DEFAULT 'assets/imagens/user.png',
  `tipo` int(11) NOT NULL
) ENGINE=InnoDB DEFAULT CHARSET=utf8 COLLATE=utf8_unicode_ci;

--
-- Extraindo dados da tabela `usuario`
--

INSERT INTO `usuario` (`codusuario`, `nome`, `login`, `senha`, `foto`, `tipo`) VALUES
(1, 'Alba Lopes', 'alba', '827ccb0eea8a706c4c34a16891f84e7b', 'http://save.profaalbalopes.info/assets/IMG-20210423-WA0023.jpg', 1),
(2, 'Maria Aparecida', 'maria', '827ccb0eea8a706c4c34a16891f84e7b', 'assets/imagens/user.png', 2),
(9, 'Glória', 'gloria', 'fa9f2e87e31b53692c632628c8b7ece4', 'assets/imagens/user.png', 0),
(12, 'Fabricio Vieira', 'Vieira', 'e10adc3949ba59abbe56e057f20f883e', 'assets/imagens/user.png', 0);

-- --------------------------------------------------------

--
-- Estrutura da tabela `venda`
--

CREATE TABLE `venda` (
  `codvenda` int(11) NOT NULL,
  `data` date NOT NULL,
  `codcliente` int(11) NOT NULL
) ENGINE=InnoDB DEFAULT CHARSET=utf8 COLLATE=utf8_unicode_ci;

-- --------------------------------------------------------

--
-- Estrutura da tabela `vendaitem`
--

CREATE TABLE `vendaitem` (
  `codvenda` int(11) NOT NULL,
  `codproduto` int(11) NOT NULL,
  `qtd` int(11) NOT NULL,
  `preco` float NOT NULL
) ENGINE=InnoDB DEFAULT CHARSET=utf8 COLLATE=utf8_unicode_ci;

--
-- Índices para tabelas despejadas
--

--
-- Índices para tabela `ci_sessions`
--
ALTER TABLE `ci_sessions`
  ADD PRIMARY KEY (`id`),
  ADD KEY `ci_sessions_timestamp` (`timestamp`);

--
-- Índices para tabela `cliente`
--
ALTER TABLE `cliente`
  ADD PRIMARY KEY (`codcliente`);

--
-- Índices para tabela `fabricante`
--
ALTER TABLE `fabricante`
  ADD PRIMARY KEY (`codfabricante`);

--
-- Índices para tabela `fornecedor`
--
ALTER TABLE `fornecedor`
  ADD PRIMARY KEY (`codfornecedor`);

--
-- Índices para tabela `fornecedorproduto`
--
ALTER TABLE `fornecedorproduto`
  ADD PRIMARY KEY (`codfornecedor`,`codproduto`),
  ADD KEY `FK_fornecedorproduto_produto` (`codproduto`);

--
-- Índices para tabela `grupo`
--
ALTER TABLE `grupo`
  ADD PRIMARY KEY (`codgrupo`);

--
-- Índices para tabela `produto`
--
ALTER TABLE `produto`
  ADD PRIMARY KEY (`codproduto`),
  ADD KEY `FK_produtofabricante` (`codfabricante`),
  ADD KEY `FK_produtogrupo` (`codgrupo`);

--
-- Índices para tabela `usuario`
--
ALTER TABLE `usuario`
  ADD PRIMARY KEY (`codusuario`),
  ADD UNIQUE KEY `login_unique` (`login`);

--
-- Índices para tabela `venda`
--
ALTER TABLE `venda`
  ADD PRIMARY KEY (`codvenda`),
  ADD KEY `codcliente` (`codcliente`);

--
-- Índices para tabela `vendaitem`
--
ALTER TABLE `vendaitem`
  ADD PRIMARY KEY (`codvenda`),
  ADD KEY `FK_vendaitemproduto` (`codproduto`);

--
-- AUTO_INCREMENT de tabelas despejadas
--

--
-- AUTO_INCREMENT de tabela `cliente`
--
ALTER TABLE `cliente`
  MODIFY `codcliente` int(11) NOT NULL AUTO_INCREMENT, AUTO_INCREMENT=11;

--
-- AUTO_INCREMENT de tabela `fabricante`
--
ALTER TABLE `fabricante`
  MODIFY `codfabricante` int(11) NOT NULL AUTO_INCREMENT, AUTO_INCREMENT=51;

--
-- AUTO_INCREMENT de tabela `fornecedor`
--
ALTER TABLE `fornecedor`
  MODIFY `codfornecedor` int(11) NOT NULL AUTO_INCREMENT, AUTO_INCREMENT=6;

--
-- AUTO_INCREMENT de tabela `grupo`
--
ALTER TABLE `grupo`
  MODIFY `codgrupo` int(11) NOT NULL AUTO_INCREMENT, AUTO_INCREMENT=11;

--
-- AUTO_INCREMENT de tabela `usuario`
--
ALTER TABLE `usuario`
  MODIFY `codusuario` int(11) NOT NULL AUTO_INCREMENT, AUTO_INCREMENT=13;

--
-- AUTO_INCREMENT de tabela `venda`
--
ALTER TABLE `venda`
  MODIFY `codvenda` int(11) NOT NULL AUTO_INCREMENT;

--
-- AUTO_INCREMENT de tabela `vendaitem`
--
ALTER TABLE `vendaitem`
  MODIFY `codvenda` int(11) NOT NULL AUTO_INCREMENT;

--
-- Restrições para despejos de tabelas
--

--
-- Limitadores para a tabela `fornecedorproduto`
--
ALTER TABLE `fornecedorproduto`
  ADD CONSTRAINT `FK_fornecedorproduto_fornecedor` FOREIGN KEY (`codfornecedor`) REFERENCES `fornecedor` (`codfornecedor`),
  ADD CONSTRAINT `FK_fornecedorproduto_produto` FOREIGN KEY (`codproduto`) REFERENCES `produto` (`codproduto`);

--
-- Limitadores para a tabela `produto`
--
ALTER TABLE `produto`
  ADD CONSTRAINT `FK_produtofabricante` FOREIGN KEY (`codfabricante`) REFERENCES `fabricante` (`codfabricante`),
  ADD CONSTRAINT `FK_produtogrupo` FOREIGN KEY (`codgrupo`) REFERENCES `grupo` (`codgrupo`);

--
-- Limitadores para a tabela `venda`
--
ALTER TABLE `venda`
  ADD CONSTRAINT `venda_ibfk_1` FOREIGN KEY (`codcliente`) REFERENCES `cliente` (`codcliente`);

--
-- Limitadores para a tabela `vendaitem`
--
ALTER TABLE `vendaitem`
  ADD CONSTRAINT `FK_vendaitemproduto` FOREIGN KEY (`codproduto`) REFERENCES `produto` (`codproduto`),
  ADD CONSTRAINT `FK_vendaitemvenda` FOREIGN KEY (`codvenda`) REFERENCES `venda` (`codvenda`);
COMMIT;

/*!40101 SET CHARACTER_SET_CLIENT=@OLD_CHARACTER_SET_CLIENT */;
/*!40101 SET CHARACTER_SET_RESULTS=@OLD_CHARACTER_SET_RESULTS */;
/*!40101 SET COLLATION_CONNECTION=@OLD_COLLATION_CONNECTION */;
